Data;Valor;Tipo;Responsavel;Usuario;Localidade;Justificativa;Pagina
2018-07-26;652.75;Diária;Moisés Rocha;MOISÉS ROCHA DOS SANTOS;Rio de Janeiro;Participar DIÁRIAS PARA PARTICIPAR DA FEIRA DE EMPREENDEDORISMO E NEGÓCIOS DO CARNAVAL, EVENTO CONHECIDO COMO CARNAVÁLIA - SAMBACON, QUE ACONTECERÁ NOS DIAS 26, 27 E 28 DE JULHO DE 2018, NA CIDADE DO RIO DE JANEIRO.    SAÍDA - DIA 26/07/2018 ÀS 04:40 h  CHEGADA - DIA 28/07/2018 ÀS 18:50 h    CONFORME PROCESSO Nº 1274/2018.;1
2018-05-08;1029.58;Diária;Diretoria Legislativa - Direl;RAFAELA ARAUJO CASTELO BRANCO VERAS;GRAMADO/RS;Participar XIX ENCONTRO NACIONAL DE TAQUIGRAFIA PARLAMENTAR E JUDICIÁRIA, EM EVENTO VINCULADO À XXII CONFERÊNCIA NACIONAL DA UNIÃO NACIONAL DOS LEGISLATIVOS - UNALE, O QUAL SERÁ REALIZADO EM GRAMADO/RS, NO PERÍODO DE 09 A 11 DE MAIO DE 2018.     SAÍDA - DIA 08/05/2018 ÀS 05:00 h  CHEGADA - DIA 13/05/2018 ÀS 02:40 h  CONFORME PROCESSO Nº 764/2018;1
2018-05-08;995.31;Diária;Diretoria Legislativa - Direl;MARIA ESTER DE MELO COELHO;GRAMADO/RS;Participar XIX ENCONTRO NACIONAL DE TAQUIGRAFIA PARLAMENTAR E JUDICIÁRIA, EM EVENTO VINCULADO À XXII CONFERÊNCIA NACIONAL DA UNIÃO NACIONAL DOS LEGISLATIVOS - UNALE, O QUAL SERÁ REALIZADO EM GRAMADO/RS, NO PERÍODO DE 09 A 11 DE MAIO DE 2018.    SAÍDA - DIA 08/05/2018 ÀS 08:55 h  CHEGADA - DIA 13/05/2018 ÀS 02:40 h  CONFORME PROCESSO Nº 763/2018.;1
2018-03-18;1387.90;Diária;Diretoria Administrativa - Dirad;DILSON DO ESPÍRITO SANTO FILHO;FOZ DO IGUAÇU-PR;Participar DO 13º CONGRESSO BRASILEIRO DE PREGOEIROS, A SER REALIZADO NOS DIAS 19 A 22/03/2018, NA CIDADE DE FOZ DO IGUAÇU-PR.    SAÍDA - DIA 18/03/2018 ÀS 05:18 h  CHEGADA - DIA 24/03/2018 ÀS 19:55 h  CONFORME PROCESSO Nº 407/2018.  SERVIDOR: DILSON DO ESPÍRITO SANTO FILHO.;1
2018-03-18;1387.90;Diária;Diretoria Administrativa - Dirad;LUCIANA DE MORAIS SENA;FOZ DO IGUAÇU-PR;Participar DO 13º CONGRESSO BRASILEIRO DE PREGOEIROS, A SER REALIZADO NOS DIAS 19 A 22/03/2018, NA CIDADE DE FOZ DO IGUAÇU-PR.    SAÍDA - DIA 18/03/2018 ÀS 05:18 h  CHEGADA - DIA 24/03/2018 ÀS 19:55 h  CONFORME PROCESSO Nº 407/2018.  SERVIDOR: LUCIANA DE MORAIS SENA.;2
2018-03-14;7373.89;Diária;Diretoria Administrativa - Dirad;DECIO MARTINS MENDES FILHO;LISBOA - PORTUGAL;Participar DIÁRIAS PARA A MISSÃO LEGISLATIVA EM LISBOA - PORTUGAL, NO PERÍODO DE 14 A 17 DE MARÇO DE 2018.  SAÍDA - DIA 13/03/2018 ÀS 23:50 h  CHEGADA - DIA 18/03/2018 ÀS 22:10 h  PROCESSO Nº 371/2018;2
2018-03-14;7373.89;Diária;Leo Prates;PRESIDENTE LEO PRATES;LISBOA - PORTUGAL;Participar DIÁRIAS PARA A MISSÃO LEGISLATIVA EM LISBOA - PORTUGAL, NO PERÍODO DE 14 A 17 DE MARÇO DE 2018.  SAÍDA - DIA 13/03/2018 ÀS 23:50 h  CHEGADA - DIA 18/03/2018 ÀS 22:10 h  PROCESSO Nº 370/2018;2
2018-03-14;7373.89;Diária;Leo Prates;DANIEL VIANNA ALVES DE ALMEIDA;LISBOA - PORTUGAL;Participar DIÁRIAS PARA A MISSÃO LEGISLATIVA EM LISBOA - PORTUGAL, NO PERÍODO DE 14 A 17 DE MARÇO DE 2018.  SAÍDA - DIA 13/03/2018 ÀS 23:50 h  CHEGADA - DIA 18/03/2018 ÀS 22:10 h    PROCESSO Nº 372/2018;2
2017-10-24;584.85;Diária;Luiz Carlos;Vereador: Luiz Carlos Santos Lima;Brasília/DF;Representar a Câmara no 11º Seminário Nacional Ouvidores e Ouvidorias: instâncias para o exercício da Cidadania, na cidade de Brasília/DF, nos dias 25 e 26 de outubro de 2017, conforme CI Nº 68/2017.;3
2017-10-24;584.85;Diária;Presidência;Thamires da Silva Almeida;Brsília/DF;Representar a Câmara no 11º Seminário Nacional Ouvidores e Ouvidorias: instâncias para o exercício da Cidadania, na cidade de Brasília/DF, nos dias 25 e 26 de outubro de 2017, conforme CI Nº 68/2017.;3
2017-10-24;584.85;Diária;Presidência;Rafaela Oliveira Santos;Brasília/DF;Representar a Câmara no 11º Seminário Nacional Ouvidores e Ouvidorias: instâncias para o exercício da Cidadania, na cidade de Brasília/DF, nos dias 25 e 26 de outubro de 2017, conforme CI Nº 68/2017.;3
2017-10-10;7707.05;Diária;Felipe Lucas;Vereador: Felipe Lucas de Lima e Silva;Na Cidade da Filadélfia (Pensilvânia) no Estados Unidos / EUA;Representar a Câmara no projeto Bahia Week Festival 2017, na Cidade da Filadélfia (Pensilvânia) no Estados Unidos/EUA, no período de 10 a 14 de outubro de 2017, conforme CI nº 085/2017.;3
2017-10-04;1216.07;Diária;Marcelle Moraes;Vereadora: Marcelle Carvalho de Moraes;Na Cidade de São Paulo / SP;Representar a Câmara no 1º encontro Brasileiro de Vereadores defensores da causa animal, em São Paulo/SP, no período de 4 a 6 de outubro de 2017. E no projeto bicharada, na Cidade de Praia Grande /SP no dia 7 de outubro, conforme Ci nº 092/2017.;4
2017-08-30;329.87;Diária;Sílvio Humberto;Vereador: Silvio Humberto;João Pessoa/PB;Participar como palestrante do Simpósio: Políticas Públicas e Genocídio da População Negra, promovido pelo NEAB/UFPB, em João Pessoa/PB, na sede do MPF/PRPB, nos dias 30 e 31 de agosto de 2017, conforme a CI Nº 401/2017.;4
2017-08-09;210.00;Diária;Diretoria Administrativa - Dirad;José Pacheco Maia Filho;Brasília/DF;Participar de reunião, representando a Fundação Cosme de Farias, que tratará de assuntos relacionados à implantação da Rádio Câmara, no dia 9 de agosto de 2017.;4
2017-07-13;586.78;Diária;Moisés Rocha;Vereador: Moisés Rocha;Rio de Janeiro /RJ;Participar como Presidente da Comissão Especial do Carnaval, da feira de empreendedorismo e negócios do carnaval, na Cidade do Rio de Janeiro nos dias 13,14 e 15 de julho de 2017.;4
2017-06-22;294.53;Diária;Alexandre Aleluia;Vereador: Alexandre Aleluia Dantas da Costa;São Paulo/SP;Visitar oficialmente a Câmara de Vereadores de São Paulo, em virtude do convite realizado pelo vereador Milton Leite, com a finalidade de conhecer o processo legislativo e os projetos que ali tramitam, na cidade de São Paulo/SP, nos dias 22 e 23 de junho de 2017, conforme ci nº 16/2017.;5
2017-06-14;336.00;Diária;Leo Prates;Presidente: Leonardo Silva Prates;Brasília/DF;Representar a Câmara junto ao Senado Federal, no que se refere a assinatura do Protocolo de Intenções, por meio do Instituto Legislativo Brasileiro, no dia 14 de junho de 2017.;5
2017-06-14;336.00;Diária;Marta Rodrigues;Vereadora: Marta Rodrigues Sousa de Brito Costa;Brasília/DF;Representar a Câmara junto ao Senado Federal, no que se refere a assinatura do Protocolo de Intenções, por meio do Instituto Legislativo Brasileiro, no dia 14 de junho de 2017.;5
2017-06-14;336.00;Diária;Presidência;Assistente da Presidência: Vivaldo Evangelista Ribeiro;Brasília/DF;Representar a Câmara junto ao Senado Federal, no que se refere a assinatura do Protocolo de Intenções, por meio do Instituto Legislativo Brasileiro, no dia 14 de junho de 2017.;5
2017-06-14;336.00;Diária;Toinho Carolino;Vereador: Antônio Carolino Araujo Filho;Brasília/DF;Representar a Câmara junto ao Senado Federal, no que se refere a assinatura do Protocolo de Intenções, por meio do Instituto Legislativo Brasileiro, no dia 14 de junho de 2017.;6
2017-06-06;681.10;Diária;Diretoria Legislativa - Direl;Servidora: Fernanda Oliveira Cerqueira Lima Pelissier;Foz do Iguaçu/PR;Representar a Câmara no XVIII Encontro Nacional de Taquigrafia Parlamentar e Judiciária que ocorrerá no período de 7 a 9 de julho de 2017.;6
2017-06-06;681.10;Diária;Diretoria Legislativa - Direl;Servidora: Rafaela Araujo Castelo Branco Veras;Foz do Iguaço/PR;Representar a Câmara no XVIII Encontro Nacional de Taquigrafia Parlamentar e Judiciária que ocorrerá no período de 7 a 9 de julho de 2017.;6
2017-06-06;381.27;Diária;Leo Prates;Presidente: Leonardo Silva Prates;Foz do Iguaço/PR;Participar da XVII Assembléia Geral Ordinária da Astral, no dia 7 de julho de 2017.;6
2017-06-06;381.27;Diária;Luiz Carlos;Veredor: Luiz Carlos de Souza;Foz do Iguaço/PR;Participar da XVII Assembléia Geral Ordinária da Astral, no dia 7 de julho de 2017.;7
2016-07-06;159.78;Diária;Vânia Galvão;VEREADORA VÂNIA GALVÃO;BRASÍLIA - DF;Participar DO SEMINÁRIO DA COMISSÃO DE DIREITOS HUMANOS E LEGISLAÇÃO PARTICIPATIVA DO SENADO FEDERAL, EM BRASÍLIA - DF, NO DIA 06/07/2016.;7
2016-06-06;422.97;Diária;Kiki Bispo;VEREADOR KIKI BISPO;BRASILIA - DF;Representar a Câmara EM INTERESSES REFERENTES A MESA DIRETORA JUNTO AO CONGRESSO NACIONAL, EM BRASILIA - DF NOS DIA 06 E 07/06/0216.;7
2016-06-06;422.97;Diária;Leandro Guerrilha;VEREADOR LEANDRO GUERRILHA;Brasilia - DF;Participar DE EVENTO EM QUE SERÁ ABORDADO O TEMA (POLITICAS PÚBLICAS PARA A MULHER), EM BRASILIA - DF NOS DIAS 06 E 07/06/2016.;7
2016-05-10;851.20;Diária;Vânia Galvão;VEREADORA VÂNIA GALVÃO;BRASÍLIA - DF;Participar DA 4ª CONFERÊNCIA NACIONAL DE POLÍTICAS PARA AS MULHERES, A SER REALIZADA EM BRASÍLIA - DF, NOS DIAS 10 A 13/05/2016.;8
2016-03-14;1146.69;Diária;Diretoria Administrativa - Dirad;Alexandro Soares Rangel;Foz do Iguaçu-PR;Participar DO 11º CONGRESSO BRASILEIRO DE PREGOEIROS QUE SERÁ REALIZADO NOS DIAS 14 A 17/03/2016.;8
2016-03-14;1146.69;Diária;Diretoria Administrativa - Dirad;Wellington Wanderley Sacramento;Foz do Iguaçu-PR;Participar DO 11º CONGRESSO BRASILEIRO DE PREGOEIROS QUE SERÁ REALIZADO NOS DIAS 14 A 17/03/2016.;8
2016-03-14;1146.69;Diária;Diretoria Administrativa - Dirad;Dilson do Espírito Santo Filho;Foz do Iguaçu-PR;Participar DO 11º CONGRESSO BRASILEIRO DE PREGOEIROS QUE SERÁ REALIZADO NOS DIAS 14 A 17/03/2016.;8
2016-03-11;398.65;Diária;Everaldo Augusto;Everaldo Augusto;Brasília;Participar DE AUDIÊNCIA COM A SECRETARIA DE PATRIMÔNIO DA UNIÃO - SPU, DESTINADA A DISCUTIR AS IMPLICAÇÕES DA PROPOSTA DE EMENDA CONSTITUCIONAL Nº 039/11 NA CIDADE HISTÓRICA DE SALVADOR, NO DIA 11/03/2016.;9
2015-11-05;481.77;Diária;Paulo Magalhães Júnior;PAULO MAGALHÃES JUNIOR;BRASILIA;Participar DE REUNIÃO NO MINISTÉRIO DAS CIDADES,A QUAL TRATARÁ DA MOBILIDADE URBANA(BRT),NO DIA  05/11/2015,EM BRASILIA-DF.;9
2015-09-15;336.00;Diária;Paulo Câmara;PAULO CÂMARA;BRASILIA-DF;Participar DE COMPROMISSOS INSTITUCIONAIS E REUNIÕES PERTINENTES À REFORMA POLÍTICA, NO DIA 16/09/2015, EM BRASÍLIA.;9
2015-09-10;302.75;Diária;Presidência;CARLOS LIMA .C.NETO DIRETOR LEGISLATIVO;BRASILIA;Participar DE SEMINÁRIO DE REFORMA POLÍTICA A SER REALIZADA NOS DIAS 10 E 11/09/2015, EM BRASILIA.;9
2015-09-09;304.85;Diária;Kiki Bispo;KIKI BISPO;BRASILIA;Participar DE QUESTÕES POLÍTICAS PARTIDÁRIAS E ASSUNTOS PERTINENTES À MESA DIRETORA DO CONGRESSO NACIONAL, NOS DIAS 09 E 10/09/2015, EM BRASÍLIA.;10
2015-09-09;304.85;Diária;Leandro Guerrilha;LEANDRO GUERRILHA;BRASILIA;Participar DE REUNIÃO COM DEPUTADO SÓSTENES CAVALCANTE(PSD-RJ)PRESIDÊNTE DA COMISSÃO QUE ANALISA A CRIAÇÃO DO ESTATUTO DA FAMILIA, NO DIA 09/09/2015 EM BRASILIA;10
2015-08-26;168.00;Diária;Paulo Câmara;Paulo Câmara;Brasília - DF;CUMPRIR COMPROMISSOS INSTITUCIONAIS E PARTICIPAR DE REUNIÕES PERTINENTES À REFORMA POLÍTICA, NO DIA 26/08/2015.;10
2015-08-24;252.00;Diária;Diretoria Legislativa - Direl;PRESIDÊNCIA;BRASILIA-DF;Participar DO FÓRUM DE DIREITO ELEITORAL NO DIA 24/08/2015 EM BRASILIA-DF.;10
2015-08-23;833.70;Diária;Henrique Carballal;HENRIQUE SANTANA CARBALLAL;SÃO PAULO-SP;Participar DE DIVERSAS REUNIÕES QUE ARTICULAM A VINDA DE BENEFÍCIOS IMPORTANTES PARA A CIDADE DE SALVADOR, A EXEMPLO DA INSTALAÇÃO DO MUSEU DA MÚSICA BRASILEIRA E DA EMPRESA ESTADUNIDENSE TASER EM SALVADOR, E COM O DEPUTADO FEDERAL PENNA, NOS DIAS 23 A 26/08/2015, EM SÃO PAULO-SP.;11
2015-08-23;546.35;Diária;Luiz Carlos;LUIZ CARLOS DE SOUZA;BRASILIA-DF;Participar DA AUDIÊNCIA PÚBLICA QUE DEBATERÁ "A CAPOEIRA NO BRASIL", NA CÂMARA DOS DEPUTADOS NOS DIAS 23 A 25/08/2015 EM BRASILIA-DF.;11
2015-08-18;411.78;Diária;Leandro Guerrilha;Leandro Guerrilha;Brasília - DF;Participar DO PROJETO DE TRÂNSITO SEGURO, NO DIA 18/08/2015.;11
2015-08-06;252.00;Diária;Ana Rita Tavares;Ana Rita Tavares;Brasília - DF;Participar DE AUDIÊNCIA NA FRENTE PARLAMENTAR DE DEFESA DOS ANIMAIS DO CONGRESSO NACIONAL E PROJETOS NA CÂMARA MUNICIPAL, NO DIA 06/08/2015.;11
2015-07-16;252.00;Diária;Ana Rita Tavares;Ana Rita Tavares;Brasília - DF;Participar DE AUDIÊNCIA NA FRENTE PARLAMENTAR DE DEFESA DOS ANIMAIS DO CONGRESSO NACIONAL, NO DIA 16/07/2015.;12
2015-06-18;336.00;Diária;Paulo Câmara;Paulo Câmara;Brasília - DF;Participar , A CONVITE DA REDE LEGISLATIVA DE TV DA CÂMARA FEDERAL, DE DISCUSSÃO SOBRE ASSUNTOS RELEVANTES À PROGRAMAÇÃO E NOVOS CONTEÚDOS DOS CANAIS LEGISLATIVOS, NO DIA 18/06/2015.;12
2015-05-29;504.00;Diária;Everaldo Augusto;Everaldo Augusto;São Paulo - SP;Participar , COMO PALESTRANTE, DE SEMINÁRIO DA CENTRAL DOS TRABALHADORES E DAS TRABALHADORAS (CTB), NOS DIAS 29 A 30/05/2015.;12
2015-05-29;504.00;Diária;Sabá;Sabá;São Paulo - SP;Participar , COMO MEMBRO E REPRESENTANTE DA COMISSÃO DE DESENVOLVIMENTO ECONÔMICO E TURISMO DA CMS, DE UM EVENTO SOBRE TURISMO, NOS DIAS 30 E 31/05/2015.;12
2015-05-20;577.67;Diária;Claudio Tinoco;Cláudio Tinoco;São Paulo - SP;Participar DE REUNIÃO NA CÂMARA MUNICIPAL DE SÃO PAULO, VISANDO CONHECER  O SISTEMA DE TRAMITAÇÃO DAS LEIS ORÇAMENTÁRIAS E DE ELABORAÇÃO DE EMENDAS PARLAMENTARES, NOS DIAS 20 A 22/05/15.;13
2015-03-13;336.00;Diária;Paulo Câmara;PAULO CÂMARA;BRASILIA-DF;Participar DE ACOMPANHAMENTO DE PROCESSOS PERTINENTES A CÂMARA MUNICIPAL DE SALVADOR EM BRASILIA NOS DIAS 16 E 17/03/2015.;13
2015-03-13;1091.41;Diária;Presidência;DILSON DO ESPIRITO SANTO FILHO;FOZ DO IGUAÇU;Participar DO CONGRESSO BRASILEIRO DE PREGOEIRO OFERICIDO PELO INSTITUTO DE NEGÓCIOS PÚBLICOS,EM FOZ DE IGUAÇU NOS DIAS 16 Á 19/03/2015.;13
2015-03-13;420.00;Diária;Vânia Galvão;VÂNIA GALVÃO;BRASILIA-DF;Participar DO II SEMÍNARIO DA REDE NACIONAL DE ATENÇÃO E AO ADOLESCENTE EM SITUAÇÃO DE RUA PROMOVIDO PELA SECRETARIA DOS DIREITOS HUMANOS DA PRESIDENCIA DA REPUBLICA.EM BRASILIA NOS DIA 18 E 19/03/2015.;13
2014-11-23;943.40;Diária;Presidência;ROSÂNGELA K. P. ESTEVES;BELÉM-PA;Participar DO 6° FÓRUM NACIONAL DE MUSEU E COM PARTICIPAÇÃO NO MINICURSOS EM DOCUMENTAÇÃO MUSEUOLÓGICO,NOS DIAS 23 Á 28/11/2014;14
2014-11-23;1113.00;Diária;Presidência;DANYELLA G. WANDERLEY;BELÉM-PA;Participar DO 6° FÓRUM NACIONAL DE MUSEU.E COM PARTICIPAÇÃO NO MINICURSOS EM DOCUMENTAÇÃO MUSEUOLÓGICO NOS DIAS 23 Á 28/11/2014.;14
2014-11-21;252.00;Diária;Ana Rita Tavares;ANA RITA T. TEIXEIRA;são paulo-sp;Participar DE AUDIENCIA C/AUTORIDADES PÚBLICAS PARA IMPLEMENTAÇÃO DE POLITICAS PÚBLICAS PARA OS ANIMAIS,NO DIA 21 E 22/11/2014;14
2014-11-12;525.00;Diária;Presidência;JOSÉ RIBEIRO BOMFIM;BRASILIA-DF;Participar DO FÓRUM BRASIL DE COMUNICAÇÃO PÚBLICA 2014 DA FRENTE PARLAMENTA P/LIBERDADE E EXPRESSÃO E O DEREITO A COMUNICAÇÃO.COM PARTICIPAÇÃO POPULAR.EM BRASILIA NOS DIAS 12 Á 14/11/2014;14
2014-10-22;378.00;Diária;Ana Rita Tavares;ANA RITA TAVARES;BRASILIA - DF;Participar DE AUDIÊNCIA COM AUTORIDADE PARA IMPLANTAÇÃO DE POLITICAS PARA OS ANIMAIS NOS DIAS 22 E 23/10/2014 EM BRASILIA-DF.;15
2014-08-26;357.00;Diária;Presidência;JOSÉ RIBEIRO BOMFIM;SÃO PAULO - SP;Participar  DE UMA REUNIÃO GERAL DA REDE LEGISLATIVA DE RADIO E TV NA CÂMARA MUNICIPAL DE SÃO PAULO NO DIA 27/08/2014.;15
2014-07-31;680.40;Diária;Moisés Rocha;MOISÉS ROCHA DOS SANTOS;RIO DE JANEIRO - RJ;Buscar informações sobre A COMISSÃO ESPECIAL DO CARNAVAL E O PODER LEGISLATIVO DE SALVADOR NO EVENTO CARNAVALIA NOS DIAS 31/07 Á 02/08/2014, NO RIO DE JANEIRO.;15
2014-07-24;428.40;Diária;Ana Rita Tavares;ANA RITA TAVARES TEIXEIRA;BRASILIA-DF;Participar DE AUD. COM AUTORIDADES PÚBLICAS PARA IMPLEMENTAÇÃO DE POLÍTICAS PÚBLICAS PARA OS ANIMAIS NOS DIAS 24 E 25/07/2014, EM BRASILIA.;15
2014-05-27;504.00;Diária;Paulo Câmara;PAULO CÂMARA;BRASILIA-DF;Participar DO XIII ENCONTRO VERDE DAS AMÉRICAS (GREENMEETIG) Á SER REALIZADA EM BRASILIA NOS DIAS 27 E 28/05/2014.;16
2014-05-23;147.00;Diária;Paulo Câmara;OSVALDO ALMEIDA LYRA JUNIOR;BRASILIA-DF;Participar DA 5ª REUNIÃO DE REPRESENTAÇÃO DO INTERLEGIS. COM A DIRETORIA DO PROGAMA. NO SENADO FEDERAL EM BRASILIA NO DIA 23/05/2014.;16
2014-05-05;693.00;Diária;Paulo Câmara;JOSÉ RIBEIRO BOMFIM;BRASILIA-DF;Participar  DA 18ª CNLE-CONFERÊNCIA NACIONAL DOS LEGISLADORES E LEGISLATIVOS ESTADUAIS 2014 EM BRASILIA NOS DIAS 05 Á 08/05/2014.;16
2014-03-13;1008.00;Diária;Marcell Moraes;VER. MARCELL MORAES;FORTALEZA/ CE;Participar DO EVENTO ECONOMIA VERDE, TEMA DA 5º, ESTAÇÃO ECOLÓLOGICA NORTH SHOPPING, QUE SERÁ REALIZADO EM FORTALEZA NOS DIAS 13 Á 17/03/2014.;16
2014-02-13;415.80;Diária;Marcell Moraes;;VITORIA DA CONQUISTA-BA;Participar DA MACHA DE DEFESA ANIMAL,A FAVOR DO AUMENTO DAS PENAS DE MAUS TRATOS AOS ANIMAIS, EM VITORIA DA CONQUISTA NO DIA 13 Á 16/02/2014.;17
2014-02-06;252.00;Diária;Marcell Moraes;;SÃO PAULO;Visitar COM FINALIDADE DE CONHECER O 1° E 2° HOSPITAL PÚBLICO VETERINÁRIO DO BRASIL NA CIDADE DE SÃO PAULO NO PERÍODO DE 08/02 Á 09/02/2014.;17
2013-11-12;756.00;Diária;Everaldo Augusto;EVERALDO AUGUSTO;SÃO PAULO/SP;Participar DO SEMINARIO  DA CENTRAL DE TRABALHADORES E TRABALHADORAS-CTB, NOS DIAS 13/11 aA 16/11/2013 NA  CIDADE DE SÃO PAULO/SP.;17
2013-11-06;579.60;Diária;Leandro Guerrilha;LEANDRO ALVES DIAS;brasilia/df;Participar DA VENERANDA CASA, NO ATO DA ASSINATURA DE DECRETO DE CONVERSÃO DAS RADIOS AM PARA FM NA CIDADE DE BRTASILIA NOS DIAS 06 A 08/11/2013.;17
2013-11-05;176.40;Diária;Sílvio Humberto;SILVIO HUMBERTO;SALVADOR/BRASILIA;Participar DA CERIMONIA DE ABERTURA DA 3ª CONFER~ENCIA NACIONAL DE PROMOÇÃO DA IGUALDADE RACIAL-III CONAPIR, REALIZADO MNO CENTRO DE CONV. DO BRASILIL XXI, NO DIA 05/11/2013, NA CIDADE DE BRASILIA/DF.;18
2013-10-23;326.60;Diária;Moisés Rocha;MOISÉS ROCHA;BRASILIA/DF;Participar DO DEBATE E DISCURSSÃO SOBRE O PL 4330 QUE REGULAMENTA AS TERCEIRIZAÇÃO EM BRASILIA NO DIA 24/10/2013;18
2013-10-09;126.00;Diária;Ana Rita Tavares;ANA RITA TAVARES TEIXEIRA;BRASILIA/DF;Participar ACOMPANHAMENTO DE PROCESSO JURIDICO REF. A PROJETO DE LEI PARA REVISÃO DO CÓDIGO PENAL BRASILEIRO: E GESTÕES JUNTO Á FRENTE PARLAMENTAR EM DEFESA DOS ANIMAIS DA C. FEDERAL NO DIA 09/10/2013 EM BRASILIA.;18
2013-09-26;176.40;Diária;Luiz Carlos;LUIZ CARLOS SOUZA;BRASILIA/DF;Participar DE ASSUNTOS PERTINENTES DE INTERESES DA POPULAÇÃO RELACIONADOS A JUVENTUDE, NO DIA 27/09/2013, NA CIDADE DE  BRASILIA/DF.;18
2013-09-24;378.00;Diária;Isnard Araújo;ISNARD ARAÚJO;BRASILIA-DF;Participar DE AUDIÊNCIA COM O EXCELENTISSIMO SENHOR MINISTRO DOS TRANSPORTE  CÉSAR BORGES NO DIA 24/09/2013 EM BRASILIA-DF.;19
2013-09-24;378.00;Diária;Tia Eron;TIA ERON;BRASILIA-DF;Participar DE AUDIÊNCIA COM O EXCELENTISSIMO SENHOR MINISTRO DOS TRANSPORTE CÉSAR BORGES NO DIA 24/09/2013, EM BRASILIA-DF.;19
2013-09-11;235.20;Diária;Paulo Câmara;PAULO CÃMARA;BRASILIA/DF;Participar NA AUDIÊNCIA PÚBLICA COM EXCELENTISSIMO ARNALDO STEVES (STJ),  PAUTA : VOTO ABERTO,  ACONTECERÁ EM BRASILIA NO DIA 12/09/2013;19
2013-09-11;133.00;Diária;Procuradoria Jurídica - Projur;GILDASIO RODRIGUES ALVES;BRASILIA;Participar NA AUDIÊNCIA  COM EXCELENTISSIMO ARNALDO STEVES (STJ), PAUTA:  VOTO ABERTO, ACONMTECERÁ EM BRASILIA NO DIA 12/09/2013.;19
2013-09-11;5129.60;Diária;Sílvio Humberto;SILVIO HUMBERTO;COLÔMBIA;Participar DA III CUMBRE MUNDIAL DE ALCALDES E LIDERANÇAS AFROS NA CIDADE DE CALI-CATARGENA-COLÔMBIA NO PERIODO DE 12/09 Á 18/09/2013;20
2013-09-09;504.00;Diária;Ana Rita Tavares;ANA RITA TAVARES;BRASILIA-DF;Participar da reunião com 1a.  Dama de Porto Alegre e Secretario Especial dos Dereitos dos Animais eo Presidente da F. Parlamentar, Defesa dos Animais,Deputado Ricardo Izar, em Brasilia-Df no dias 10/09 á 12/09/2013.;20
2013-09-03;168.00;Diária;Paulo Câmara;Paulo Sérgio de Sá Bittencourt Cãmara;BRASILIA/DF;Participar da Audiência Publica sobre o Voto aberto, a ser realizado na cidade de Brasilia, no dia 03/09/2013.;20
2013-08-21;579.60;Diária;Everaldo Augusto;Everaldo Augusto;SÃO PAULO;Participar do 3º Congresso Nacional da Central dos Trabalhadores e Trabalhadoras do Brasil nos dias 22 á 24/08/2013 em São Paulo.;20
2013-08-20;235.20;Diária;Paulo Câmara;PAULO CÂMARA;BRASILIA-DF;Visitar PARA ACOMPANHAR PROCESSO DE INTERESSE DA CÂMARA MUNICIPAL DO SALVADOR JUNTO AO SUPERIOR TRIBUNAL DE JUSTIÇA, NO DIA 20/08/2013,NA CIDADE DE BRASILIA-DF.;21
2013-08-20;680.40;Diária;Soldado Prisco;SOLDADO PRISCO;BRASILIA-DF;Participar DE AUDIENCIAS COM PARLAMENTARES DA BANCADA DE OPOSIÇÃO NA CÂMARA E SENADO NO DIA 20 Á 22/08/2013.;21
2013-08-09;428.40;Diária;Sílvio Humberto;SILVIO HUMBERTO;OLINDA-PE;Participar COMO PALESTRANTE DO INTERRE DE JUVENTUDES DO NORDESTE NO DIA 09/08/2013 NA CIDADE DE OLINDA-PE.;21
2013-08-04;378.00;Diária;Luiz Carlos;Luiz Carlos de Souza;BRASILIA;Participar do Ato de aprovação, e, consequentemente sanção presidencial do Estato da Juventud, dispondo sobre os direitos dos jovens, no dia 04/08 a 05/08/2013, na cidade de Brasilia.;21
2013-06-11;579.60;Diária;Joceval Rodrigues;JOCEVAL RODRIGUES DOS SANTOS;SSA/FOZ DO IGUAÇÚ;Participar Do evento que será realizado no comitê de integração Latioamericano de Parlamentos Municipais em Puerto Iguazú-Missiones-República Argentina, nos de 12 a 14/06/13.;22
2013-05-17;176.40;Diária;Moisés Rocha;Moisés Rocha;BRASILIA-DF;Participar DA COMPOSIÇÃO DA MESA, NA SESSÃO SOLENE EM HOMENAGEM AOS 39 ANOS (ASTAPE)NA CÂMARA DOS DEPUTADOS EM BRASILIA-DF NO DIA 17/05/2013.;22
2013-05-07;756.00;Diária;Ana Rita Tavares;Ana Rita Tavares;PORTO ALEGRE - RS;Visitar PARA CONHECER Á SECRETARIA ESPECIAL DOS ANIMAIS (SEDA) EM PORTO ALEGRE NO DIA 07/05/2013 á 10/05/2013.;22
2013-04-23;428.40;Diária;Soldado Prisco;Soldado Prisco;BRASILIA-DF;Participar DO SEMINARIO "UMA NOVA SEGURANÇA PARA O BRASIL " REPRESENTANDO Á CÂMARA MUNICIPAL DE SALVADOR EM BRASILIA NOS DIAS 23 E 24 DE ABRIL DE 2013.;22
2013-03-21;176.40;Diária;Sílvio Humberto;SILVIO HUMBERTO;BRASILIA;Participar NA CERIMONIA ALUSIVA AOS 10 ANOS DE CRIAÇÃO DA SEC. DE POLITICAS DE PROMOÇÃO DA IGUALDADE RACIAL(SEPPIR) A SER REALIZADA EM BRASILIA NO DIA 21/03/2013.;23
2013-03-21;579.60;Diária;Tia Eron;Tia Eron;RIO DE JANEIRO;Participar DA PALESTRA "A MULHER E A POLITICA", QUE SERÁ REALIZADA NO RIO DE JANEIRO NO DIA 21,22 E 23/03/2013.;23
2013-03-19;327.60;Diária;Ana Rita Tavares;ANA RITA TAVARES;BRASILIA;Participar DA SOLENIDADE DE INSTALAÇÃO DOS TRAB. DA FRENTE PARLAMENTAR DE DEFESA DOS ANIMAIS EM BRASILIA NOS  DIAS 19 E 20/03/2013;23
2013-02-28;380.00;Diária;Diretoria Administrativa - Dirad;SORAYA PUBLIO DE CASTRO MESQUITA;SÃO PAULO/SP;Participar DA SERVIDORA DA TV CÃMARA NO EVENTO WORKDHOP SOBE TV DIGITAL E LANÇAMENTO DA REVISTA DA ASSOCIAÇÃO  BRASILEIRA DE TV"S E RADIOS LEGIS. A SI REALIZAR  NA ASSEMBLEIA LEGISLATIVA NOS DIAS 21 E 22/03/2013.;23
2013-02-27;235.20;Diária;Arnando Lessa;ARNANDO LESSA;BRASILIA;Participar DO CONVÊNIO QUE VIABILIZARÁ IMPLANTAÇÃO DA TV CÂMARA SALVADOR PARA O CANAL ABERTO E SINAL DIGITAL.;24
2013-02-27;235.20;Diária;Diretoria Administrativa - Dirad;OSVALDO A. LYRA JUNIOR;BRASILIA;Participar DO CONVÊNIO QUE VIABILIZARÁ IMPLANTAÇÃO DA TV CÂMARA SALVADOR PARA O CANAL ABERTO E SINAL DIGITAL;24
2013-02-27;235.20;Diária;Diretoria Administrativa - Dirad;CARLOS ALBERTO FAGUNDES;BRASILIA;Participar DO CONVÊNIO QUE VIABILIZARÁ IMPLANTAÇÃO DA TV CÂMARA SALVADOR PARA O CANAL ABERTO E SINAL DIGITAL;24
2013-02-27;176.40;Diária;Duda Sanches;DUDA SANCHES;SALVADOR-BRASILIA;Participar VIAGEM PARA BRASILIA P\DISCUTIR INVÉSTIMENTOS FEDERAIS P\INFRAESTRUTURA NA CIDADE DO SALVADOR,ATRAVÉS DE EMENDAS ORÇAMENTARIAS.;24
2013-02-27;235.20;Diária;Paulo Câmara;;BRASILIA;Participar DO CONVÊNIO QUE VIABILIZARÁ IMPLANTAÇÃO DA TV CÂMARA SALVADOR PARA O CANAL ABERTO E SINAL DIGITAL;25
2012-08-30;302.60;Diária;Diretoria Administrativa - Dirad;Lucy de Jesus Caldeira da Costa;Brasilia;Participar do curso de Cerimonial no Ambiente Legislativo, nos dias 03 e 04/09/2012,Em Brasilia-DF.;25
2012-07-10;126.00;Diária;Aladilce Souza;ALADILCE SOUZA;DISTRITO FEDERAL;Participar DE AUDIÊNCIA COM O LIDER DO GOV. NA CAMARA COM O DEPUTADO ARLINDO CHINAGLIA, PARA TRATAR DA SITUAÇÃO DO PROJETO LEI Nº 2295/00,  QUE ESTABELECE JORNADA DE 30 HORAS PARA TRABALHADORES DE EMFERMAGEM NO DIA 10/07/2012;25
2012-05-29;570.00;Diária;Diretoria Administrativa - Dirad;VERA MARIA LIMA BRANDÃO;NATAL/RN;DIARIAS PARA PARTICIPAR  VIII FÓRUM DE DIRETORES-GERAIS DE CASAS LEGISLATIVAS, QUE ACONTECERÁ NOS DIAS 29, 30, 31 E 01/06/2012, NA CIDADE DE NATAL/(RN) , DURANTE A REUNIÃO DA UNALE.;25
2012-05-22;176.40;Diária;Olívia Santana;MARIA OLIVIA SANTANA;BRASILIA/DF;DIARIAS  PARA PARTICIPAR DA MESA DA AUDIENCIA PÚBLICA, QUE DEBATERÁ OS DEZ ANOS DA LEI DE COTAS, A SER REALIZADA NO DIA 29/05/2012, NA CÂMARA DOS DEPUTADOS EM BRASILIA/DF.;26
2012-04-16;176.40;Diária;Alan Castro;ALAN DE CASTRO DAYUBE;brasilia;DIARIA PARA TRATART DE ASSUNTOS RELACIONADOS A PREPOSIÇÕES LEGISLATIVAS DE INTERESSE DESTE MUNICIPIO NO DIA 23/04/2012.;26
2012-03-20;756.00;Diária;Henrique Carballal;HENRIQUE NSANTANA CARBALLAL;RIO DE JANEIRO;REPRESENTAR ESTA CASA NO SEMINARIO SOBRE SINDROME DE DOWN, NA COMISSÃO ESPECIAL DA PESSOA COM DEFICIENCIA NA ASSEMBLEIA LEGISLATIVA DO  DO ESTADO DO RIO DE JANEIRO NO PERIODO DE 26/03 A 29/03/12.;26
2012-02-03;882.00;Diária;Adriano Meireles;ADRIANO BARBOSA MEIRELES;BRASILIA;DIARIAS NO PERIODO DE 09 A 12/ 04/2012  VIAJANDO COMO VICE-PRESIDENTE DA COMISSÃO DE TRANSPORTES DE SSA, EM BUSCA DE SOLUÇÕES PARA OS PROBLEMAS E BUSCAR INFORMAÇÕES DO MIN. DOS TRANSPORTE EM BRASILIA.;26
2012-01-30;327.60;Diária;Jorge Jambeiro;JORGE EDUARDO DE SHOUCAIR JAMBEIRO;RIO DE JANEIRO;DIARIAS PARA PARTICIPAR DO 1º SIMPÓSIO INTERNACIONAL DE HANSENIASE E DIREITOS HUMANOS, A SER REALIZADO NA CIDADE DO RIO DE JANEIRO NO DIA 31/01/2012. a 01/02/2012.;27
2011-11-29;420.00;Diária;Heber Santana;André de Jesus Silva e Silva;Vitória da Conquista;Diárias par participar da 4ª Conferência Estadual de Cultura da Bahia, a realizar-se no período de 30/11/2011 à 03/12/2011, na Cidade de Vitória da Conquista-BA.;27
2011-11-25;504.00;Diária;Edson da União;Edson Alves de Brito;Espirito Santo;Diárias para participar do Evento que será realizado pela Confederação  Brasileira de Capoeira no Estado do Espirito Santo, nos dias 25 à  27/11/2011.;27
2011-11-25;504.00;Diária;TC Mustafa;Legsamon Garcia Mustafa;Espirito Santo;Diárias para participar do Evento que será realizado pela Confederação Brasileira de Capoeira no Estado do Espirito Santo, nos dias 25 à 27/11/2011.;27
2011-10-25;680.40;Diária;Vânia Galvão;Vânia Maria Galvão de Carvalho;SSA/BSB/SSA;Diárias para participar do (Seminário Internacional: 10 Anos do Estatuto da Cidade), a ser realizado nos dias 25, 26 e 27/10/2011, no Centro de Eventos e Treinamento (CET/CNTC) em Brasília.;28
2011-08-23;504.00;Diária;Alcindo da Anunciação;Alcindo da Anunciação;SSA/SP/SSA;Diárias para participar do 25º Seminário  Nacional "A Evolução da Mobilidade Urbana" promovido pela Associação  Nacional das Empresas de Transportes Urbanos (NTU), nos dias 25 e  26/08/2011 em São Paulo.;28
2011-08-23;504.00;Diária;Jorge Jambeiro;Jorge Eduardo de Shoucair Jambeiro;SSA/SP/SSA;Diárias para participar do 25º Seminário Nacional "A Evolução da Mobilidade Urbana" promovido pela Associação Nacional das Empresas de Transportes Urbanos (NTU), nos dias 25 e 26/08/2011 em São Paulo.;28
2011-08-23;630.00;Diária;Olívia Santana;Claudia Patricia Diniz Correia;SSA/PR/SSA;Diárias para participar do "7º Seminário Nacional de Ouvidores e Ouvidorias", no periodo de 24 à 26/08/2011 em Curitiba.;28
2011-07-13;504.00;Diária;Paulo Magalhães Júnior;PAULO MAGALHÃES JR;SSA/BSB/SSA;Diárias para buscar informações junto à Câmara Federal, sobre a Mobilidade Urbana e dar sugestões para a realização de Obras do Setor de Transporte no Município de Salvador, no periodo de 13 a 15/07/2011 em Brasília.;29
2011-06-30;428.40;Diária;Moisés Rocha;Moisés Rocha dos Santos;SSA/BSB/SSA;Diárias para participar da Sessão Especial em comemoração ao Dia da Independência da Bahia, representando este Poder Legislativo no Senado Federal, nos dias 04 e 05/07/2011 em Brasília.;29
2011-06-16;252.00;Diária;Gilmar Santiago;GILMAR SANTIAGO;SSA/REC/SSA;Diária para Visitar a Prefeitura Municipal de Recife com Objetivo de Conhecer os Projetos de Infra-estrutura e Mobilidade Urbana no dia 17/06/2011.;29
2011-06-15;378.00;Diária;Aladilce Souza;Maria Aladilce de Souza;SSA/BSB/SSA;Diária para participar do Seminário Nacional "Governar para um Novo Projeto Nacional de Desenvolvimento", à  ser realizado nos dias 17 e 18/06/2011 em Brasília.;29
2011-05-27;504.00;Diária;Henrique Carballal;Henrique Santana Carballal;SSA/SP/SSA;Diárias para visitar a Câmara Municipal da Cidade de São Paulo (SP), a convite do Vereador Netinho de Paula, 1º Secretário da referida cidade, no período de 30/05/2011 à 01/06/2011.;30
2011-05-27;504.00;Diária;Presidência;Jucimary Pereira Lobo Melo;SSA/MARINGÁ/SSA;Normal  0  21      false  false  false                MicrosoftInternetExplorer4              /* Style Definitions */  table.MsoNormalTable  {mso-style-name:"Tabela normal"\;  mso-tstyle-rowband-size:0\;  mso-tstyle-colband-size:0\;  mso-style-noshow:yes\;  mso-style-parent:""\;  mso-padding-alt:0cm 5.4pt 0cm 5.4pt\;  mso-para-margin:0cm\;  mso-para-margin-bottom:.0001pt\;  mso-pagination:widow-orphan\;  font-size:10.0pt\;  font-family:"Times New Roman"\;  mso-ansi-language:#0400\;  mso-fareast-language:#0400\;  mso-bidi-language:#0400\;}    Diárias para observar in loco os ítens referentes ao sigilo e segurança do parque gráfico da empresa AOCP - CONCURSOS PÚBLICOS, no período de 02 à 04/06/2011, em Maringá/PR.;30
2011-05-27;504.00;Diária;Presidência;Tatiana Valentina Goés e Fernandes;SSA/MARINGÁ/SSA;Normal  0  21      false  false  false                MicrosoftInternetExplorer4              /* Style Definitions */  table.MsoNormalTable  {mso-style-name:"Tabela normal"\;  mso-tstyle-rowband-size:0\;  mso-tstyle-colband-size:0\;  mso-style-noshow:yes\;  mso-style-parent:""\;  mso-padding-alt:0cm 5.4pt 0cm 5.4pt\;  mso-para-margin:0cm\;  mso-para-margin-bottom:.0001pt\;  mso-pagination:widow-orphan\;  font-size:10.0pt\;  font-family:"Times New Roman"\;  mso-ansi-language:#0400\;  mso-fareast-language:#0400\;  mso-bidi-language:#0400\;}    Diárias para observar in loco os ítens referentes ao sigilo e segurança do parque gráfico da empresa AOCP - CONCURSOS PÚBLICOS, no período de 02 à 04/06/2011, em Maringá/PR.;30
2011-05-26;378.00;Diária;Orlando Palhinha;Orlando Pereira Palhina;SSA/MARINGÁ/SSA;Normal  0  21      false  false  false                MicrosoftInternetExplorer4              /* Style Definitions */  table.MsoNormalTable  {mso-style-name:"Tabela normal"\;  mso-tstyle-rowband-size:0\;  mso-tstyle-colband-size:0\;  mso-style-noshow:yes\;  mso-style-parent:""\;  mso-padding-alt:0cm 5.4pt 0cm 5.4pt\;  mso-para-margin:0cm\;  mso-para-margin-bottom:.0001pt\;  mso-pagination:widow-orphan\;  font-size:10.0pt\;  font-family:"Times New Roman"\;  mso-ansi-language:#0400\;  mso-fareast-language:#0400\;  mso-bidi-language:#0400\;}    Diárias para observar in loco os ítens referentes ao sigilo e segurança do parque gráfico da empresa AOCP - CONCURSOS PÚBLICOS, no período de 02 à 03/06/2011, em Maringá/PR.;30
2011-05-24;504.00;Diária;Paulo Magalhães Júnior;Paulo Sérgio P. de Magalhães Júnior;SSA/BSB/SSA;Diária para Reunião com Deputados para buscar informações e também contribuir com sugestões, objetivando obter recursos, destinados ao Município de Salvador, no período de 24 à 26/05/2011 em Brasília.;31
2011-05-09;176.40;Diária;Dr. Pitangueira;José Carlos de Carvalho Pitangueira;SSA/BSB/SSA;Diária para sugerir Emendas destinadas ao Município de Salvador, no dia 09/05/2011 em Brasília.;31
2011-05-06;176.40;Diária;Vânia Galvão;Vânia Maria Galvão de Carvalho;SSA/BSB/SSA;Diária para participar do Seminário "Mulheres e Reforma Política", a ser realizado na Câmara dos Deputados e no Senado Federal, no dia 10/05/2011 em Brasília.;31
2011-05-05;176.40;Diária;Gilmar Santiago;Gilmar Carvalho Santiago;SSA/BSB/SSA;Diária para reuniões no Ministério do Desenvolvimento Agrário (MDA) e Senado Federal, para informações sobre programas e emendas destinadas ao Município de Salvador, no dia 06/05/2011 em Brasília.;31
2011-05-05;932.40;Diária;Olívia Santana;Maria Olívia Santana;SSA/BSB/SSA;Diárias para participar da Concentração para a Reforma Política, realizada pela União de Vereadores, no período de 09 à 12/05/2011 em Brasília.;32
2011-04-26;680.40;Diária;Carlos Muniz;Carlos da Silva Muniz;SSA/RJ/SSA;Diárias para visitar a Câmara Municipal do Rio de Janeiro, visando conhecer a estrutura e assim trocar experiências e ver inovações para aplicar nesta casa Legislativa, no período de 27 à 29/04/2011.;32
2011-04-04;327.60;Diária;Joceval Rodrigues;JOCEVAL RODRIGUES DOS SANTOS;SSA/BRS/DF;DIARIA PARA PARTICIPAR DA AUDIÊNCIA NO MINISTERIO DAS CIDADES COM O SECRETARIO EXECUTIVO EM BRASILIA  PARA TRATAR DE ASSUNTOS PERTINENTES AO MUNICIPIO DE SALVADOR NOS  DIAS 05 E 06/04/11.;32
2011-03-17;252.00;Diária;Vânia Galvão;VANIA GALVÃO;SSA/BSB/SSA;01 DIÁRIA PARA PARTICIPAR DA SOLENIDADE DE COMEMORAÇÃO DOS 08 ANOS DA SECRETARIA ESPECIALDE POLITICAS DE PROMOÇÃO DA IGUALDADE RACIAL NA CIDADE DE BRASILIA.;32
2011-02-17;176.40;Diária;Olívia Santana;Maria Olívia Santana;SSA / BSB / SSA;Participar de Audiência com Excelentíssima Sra. Luiza Bairros, Ministra de Estado da Secretaria Especial de Políticas de Promoção da Igualdade Racial, no dia 17/02/2011 em Brasília.;33
2011-02-16;252.00;Diária;Edson da União;Edson Alves Brito;SSA / BSB / SSA;Para ser homenageado com o Prêmio Imprensa e Prêmio Integração, que homenageia personalidades que foram destaque no ano de 2010, no dia 16/02/2011 em Brasília.;33
2011-02-11;252.00;Diária;Gilmar Santiago;Gilmar Santiago;SSA / BSB / SSA;Reunião no Ministério do Desenvolvimento Agrário para informações sobre programas do Ministério destinados ao Município de Salvador nos dias 11 e 12/02/2011 em Brasília.;33
2011-02-08;932.40;Diária;Adriano Meireles;Adriano Meireles;SSA / BSB / SSA;Tratar de assuntos referentes ao Ministério dos Transportes e Ministério das Cidades nos dia 08, 09, 10 e 11/02/2011 em Brasília.;33
2011-02-08;176.40;Diária;Alcindo da Anunciação;Alcindo da Anunciação;SSA / BSB / SSA;Visitar a bancada baiana no Congresso Nacional, pedindo mais empenho na apresentação de Emendas ao Orçamento da União, no dia 08/02/2011 em Brasília.;34
2011-02-08;176.40;Diária;Joceval Rodrigues;Joceval Rodrigues;SSA / BSB / SSA;Visitar a bancada baiana no Congresso Nacional, pedindo mais empenho na  apresentação de Emendas ao Orçamento da União, no dia 08/02/2011 em  Brasília.;34
2011-02-08;176.40;Diária;Jorge Jambeiro;Jorge Jambeiro;SSA / BSB / SSA;Visitar a bancada baiana no Congresso Nacional, pedindo mais empenho na  apresentação de Emendas ao Orçamento da União, no dia 08/02/2011 em  Brasília.;34
2011-02-08;176.40;Diária;Laudelino Lau;Laudelino Lau;SSA / BSB / SSA;Visitar a bancada baiana no Congresso Nacional, pedindo mais empenho na  apresentação de Emendas ao Orçamento da União, no dia 08/02/2011 em  Brasília.;34
2011-02-08;680.40;Diária;Leo Kret;Leo Kret do Brasil;SSA / BSB / SSA;Participar de Reuniões e Audiências com o Ministério da Saúde e Secretaria Especial dos Direitos Humanos, no período de 08 à 10/02/2011 em Brasília.;35
2011-02-08;176.40;Diária;Orlando Palhinha;Orlando Palhinha;SSA / BSB / SSA;Visitar a bancada baiana no Congresso Nacional, pedindo mais empenho na  apresentação de Emendas ao Orçamento da União, no dia 08/02/2011 em  Brasília.;35
2011-02-08;176.40;Diária;Paulo Câmara;Paulo Câmara;SSA / BSB / SSA;Visitar a bancada baiana no Congresso Nacional, pedindo mais empenho na  apresentação de Emendas ao Orçamento da União, no dia 08/02/2011 em  Brasília.;35
2011-02-08;176.40;Diária;Sabá;Balbino Santos de Carvalho;SSA / BSB / SSA;Visitar a bancada baiana no Congresso Nacional, pedindo mais empenho na  apresentação de Emendas ao Orçamento da União, no dia 08/02/2011 em  Brasília.;35
2011-02-01;176.40;Diária;Paulo Câmara;PAULO CÂMARA;SSA / BSB / SSA;Visitar o Congresso Nacional para conhecer a estrutura da casa e funcionamento da Tv com sinal aberto para compartilhar experiências e cooperar com a CMS.;36
2010-12-08;2167.20;Diária;Joceval Rodrigues;Joceval Rodrigues;SSA / URY / SSA;Participar do Encontro com o Comitê Latino Americano de Parlamentos Municipais em Punta Del Leste no Uruguai.;36
2010-12-02;504.00;Diária;Paulo Câmara;Paulo Câmara;SSA / BH / SSA;Participar do Painel Advocacia Pública e seus Desafios, na Cidade de Belo Horizonte (MG).;36
2010-10-07;672.00;Diária;Alan Sanches;Alan Sanches;SSA / BSB / SSA;Participar da reunião do INTERLEGIS, para conhecer as bases do Convênio a ser firmado entre o Interlegis e a CMS, em BrasÍlia (DF).;36
2010-10-07;672.00;Diária;Alan Sanches;Eric Gleidston Falcão Lins;SSA / BSB / SSA;Participar da reunião do INTERLEGIS, para conhecer as bases do Convênio a  ser firmado entre o Interlegis e a CMS, em BrasÍlia (DF).;37
2010-08-17;327.60;Diária;Jorge Jambeiro;Jorge Jambeiro;SSA / BSB / SSA;Participar do 23º Seminário Nacional 2010 da Associação Nacional das Empresas de Transportes Urbanos (NTU), em Brasília (DF).;37
2010-06-09;428.40;Diária;Paulo Câmara;Paulo Câmara;SSA / REC / SSA;Participar do "I Encontro Nordeste" a convite do Comitê Nacional de Enfrentamento à Violência Sexual contra Crianças e Adolescentes, em Recife (PE).;37
2010-04-09;252.00;Diária;Paulo Câmara;Paulo Câmara;SSA / BSB / SSA;Participar de Reunião com o Senador Sergio Guerra, para tratar de assuntos referentes à nossa Capital, em Brasília (DF).;37
2010-03-21;1260.00;Diária;Vânia Galvão;Vânia Maria Galvão de Carvalho;SSA / RJ / SSA;Participar do Fórum Urbano Mundial: O Direito à Cidade. De Relevante Interesse Parlamentar, no Rio de Janeiro (RJ).;38
2010-03-09;428.40;Diária;Dr. Giovanni Barreto;Giovanni Iran Barreto Nascimento;SSA / BSB / SSA;Acompanhamento da PEC-549, na Câmara dos Deputados, em Brasília (DF).;38
2010-03-03;1008.00;Diária;Henrique Carballal;Henrique Carballal;SSA / BSB / SP / SSA;Tratar de assuntos de interesse da cidade do Salvador.;38
2010-03-03;210.00;Diária;Henrique Carballal;Carlos Henrique da Cruz Dortas Matos;SSA / BSB / SSA;Discutir e receber a carta de Intenções do Projeto que visa tornar Salvador Cidade-Irmã de Belém na Palestina.;38
2009-12-03;504.00;Diária;Henrique Carballal;HENRIQUE CARBALLAL;SSA/RJ/SSA;REUNIÃO SOBRE DIREITOS HUMANOS DA PESSOA COM DEFICIÊNCIA - 03 À 05/12/2009;39
2009-11-25;504.00;Diária;Henrique Carballal;HENRIQUE CARBALLAL;SSA/SP/SSA;REUNIÃO COM O CONSUL GERAL DE CUBA, PARA DISCUTIR ASSUNTOS DE INTERESSE DA CIDADE DE SALVADOR;39
2009-11-15;446.00;Diária;Presidência;ANTONIO FERNANDO CARDOSO - CONTROLADOR;SSA/SP/SSA;Participação no Seminário sobre Prevenção de Riscos e fraudes na Aud. Interna - 15 e 17/11/2009;39
2009-11-09;504.00;Diária;Presidência;ADNAILSON DE LIMA SANTOS - ASSESSOR TÉCNICO DIRAD;SSA/AJU/SSA;Participação no Seminário sobre as Novas Tendências nas Licitações - 09 a 11/11/2009;39
2009-11-09;504.00;Diária;Presidência;FRANCISCO NETO B DOS REIS - PROCURADOR JURIDÍCO;SSA/AJU/SSA;Participação no Seminário sobre as Novas Tendências nas Licitações - 09 a 11/11/2009;40
2009-11-09;504.00;Diária;Presidência;JOSÉ RODRIGUES NETO - ASSESSOR DIRFIN;SSA/AJU/SSA;Participação no Seminário sobre as Novas Tendências nas Licitações - 09 a 11/11/2009;40
2009-11-09;504.00;Diária;Presidência;ERIC GLEIDSTON F. LINS - DIRETOR FINANCEIRO;SSA/AJU/SSA;Participação no Seminário sobre as Novas Tendências nas Licitações - 09 a 11/11/2009;40
2009-11-09;504.00;Diária;Presidência;ANTONIO FERNANDO S BARROS - COMPEL;SSA/AJU/SSA;Participação no Seminário sobre as Novas Tendências nas Licitações - 09 a 11/11/2009;40
2009-11-09;504.00;Diária;Presidência;WELLINGTON WANDERLEY SACRAMENTO - MEMBRO COMPEL;SSA/AJU/SSA;Participação no Seminário sobre as Novas Tendências nas Licitações - 09 a 11/11/2009;41
2009-10-01;252.00;Diária;Adriano Meireles;Adriano Meireles;SSA/NVT/SSA;A Convite para participar de Palestra sobre o Trânsito Urbano, como Vice Presidente da Comissão de Transporte.;41
2009-09-02;446.00;Diária;Presidência;ANTONIO F. CARDOSO - CONTROLADOR;SSA/BRASILIA/SSA;Participação no Curso " A Função de Controle na Governança Corporativa" - 02 e 03/09/2009;41
2009-07-15;504.00;Diária;Laudelino Lau;Laudelino Lau;SSA/RIO DE JANEIRO/SSA;Participação no Curso de Capacitação para Vereadores - 15 a 17/0/09.;41
2009-07-14;252.00;Diária;Jorge Jambeiro;Jorge Jambeiro;SSA/SÃO PAULO/SSA;Participação no Seminário Nacional de Transportes Públicos - 14 a 15/07/09.;42
2009-06-02;235.00;Diária;Alan Sanches;Alan Sanches;SSA/BRASÍLIA/SSA;Tratar de assuntos referentes à PEC-47 - 02/06/09.;42
2009-06-02;176.40;Diária;Orlando Palhinha;Orlando Palhinha;SSA/BRASÍLIA/SSA;Tratar de assuntos referentes à PEC-47 - 02/06/09.;42
2009-05-19;336.00;Diária;Alan Sanches;Alan Sanches;SSA/BRASÍLIA/SSA;Tratar de assuntos referente à PEC-47 - 19 e 20/05/09.;42
2009-05-19;252.00;Diária;Paulo Câmara;Paulo Câmara;SSA / BSB / SSA;Tratar de assuntos referentes à PEC-47 - 19 e 20/05/09.;43
2009-04-30;840.00;Diária;Alan Sanches;Alan Sanches;SSA/SAO PAULO/SSA;Audiência com o presidente da Câmara Municipal de São Paulo - 30/04 a 01/05/09.;43
2009-04-15;252.00;Diária;Jorge Jambeiro;Jorge Jambeiro;SSA/BRASÍLIA/SSA;Participação no Seminário "Realidade e Perspectivas dos Municípios Brasileiros" - 15 a 16/04/09.;43
2009-04-14;252.00;Diária;Alberto Braga;Alberto Braga;SSA/BRASÍLIA/SSA;Tratar de assuntos relacionados à Comissão de Constituição e Justiça e Redação Final - 14 a 15/04/09.;43
2009-03-27;336.00;Diária;Alan Sanches;Alan Sanches;SSA/RIO DE JANEIRO/SSA;Participação do Curso de Capacitação para Vereadores - 27 a 28/03/09.;44
2009-03-27;1512.00;Diária;Henrique Carballal;Henrique Carballal;SSA/POA/SSA;Visita à Fundação Ronaldinho Gaúcho - 27/03 a 02/04.;44
2009-03-12;252.00;Diária;Carlos Muniz;Carlos Muniz;SSA/ARACAJU/SSA;Convidado para conhecer o funcionamento do sistema de traNsporte urbano de Aracaju - 12 a 13/03/09.;44
2009-03-10;252.00;Diária;Joceval Rodrigues;Joceval Rodrigues;SSA/BRASÍLIA/SSA;participação do 2º Encontro de Legisladores e Governantes pela Vida no Congresso Nacional - 10 a 11/03/09.;44
;;;;;;;45
2009-02-12;252.00;Diária;Olívia Santana;Olívia Santana;SSA/BRASÍLIA/SSA;Participação de reunião com Ministro-Chefe de Estado da Secretaria Especial de Políticada Promoção de Igualdade Racial - 12 a 13/02/09.;45
2009-02-11;176.40;Diária;Sidelvan Nóbrega;Sidelvan Nóbrega;SSA/BRASÍLIA/SSA;Participação de reunião administrativa na 1ª Secretaria da Câmara Federal - 11/02/09.;45
2009-02-05;252.00;Diária;Everaldo Bispo;Everaldo Bispo;SSA/RJ/SSA;Participação do Curso de Capacitação de Vereadores - 05 a 06/02/09.;45
